,Unnamed: 0,source,author,title,description,url,urlToImage,publishedAt,content
0,0,"{'id': 'reuters', 'name': 'Reuters'}",,IBM reports highest annual revenue growth in a decade - Reuters,"IBM Corp <a href=""https://www.reuters.com/companies/IBM.N"" target=""_blank"">(IBM.N)</a> on Wednesday reported its highest annual revenue growth in a decade and beat Wall Street expectations for the fourth quarter as more businesses looked to optimize their opeâ€¦",https://www.reuters.com/technology/ibm-reports-highest-annual-revenue-growth-decade-2023-01-25/,https://www.reuters.com/resizer/FjOhONjPelMPMz2G2iwePY3qi3I=/1200x628/smart/filters:quality(80)/cloudfront-us-east-2.images.arcpublishing.com/reuters/TUAIZHXW2FJZNPWCWUMZXNFFKY.jpg,2023-01-25T21:12:00Z,Jan 25 (Reuters) - IBM Corp (IBM.N) on Wednesday reported its highest annual revenue growth in a decade and beat Wall Street expectations for the fourth quarter as more businesses looked to optimize â€¦ [+2323 chars]
1,1,"{'id': 'business-insider', 'name': 'Business Insider'}",insider@insider.com (Yanet Borrego),I was a career coach on the side for years before quitting my 6-figure consulting job to do it full time. Here are 3 steps I took to make the transition.,Yanet Borrego spent nine years as an engineer and consultant before going all in on her business. She used her corporate jobs to prepare.,https://www.businessinsider.com/quit-6-figure-consulting-job-accenture-exxonmobil-career-coach-2023-1,https://i.insider.com/63c98aeceee94d001a78fbc5?width=1200&format=jpeg,2023-01-23T18:55:16Z,I spent seven years at ExxonMobil and two years at Accenture before quitting my corporate career in 2021 to pursue my passion and become a full-time career coach. Even though the actual transition toâ€¦ [+6560 chars]
2,2,"{'id': 'business-insider', 'name': 'Business Insider'}",amok@insider.com (Aaron Mok),How people are making money on Canva and turning their graphic-design side hustles into full-time gigs,Workers are leaving their full-time jobs to start Canva product businesses. Some are taking massive pay cuts to reclaim ownership over their time.,https://www.businessinsider.com/workers-leaving-high-paying-jobs-canva-side-hustle-2022-10,https://i.insider.com/63612637ade71a00193dc7db?width=1200&format=jpeg,2023-01-28T14:08:25Z,"After a tech startup fired 31-year-old Shruti Pangtey from her product marketing manager gig, she took the opportunity to start her own digital-products business and she said she has no regrets.
Herâ€¦ [+5096 chars]"
3,3,"{'id': None, 'name': 'VentureBeat'}",Dean Takahashi,Consumer and business interest in the metaverse is growing | Accenture,"Consumers and businesses are getting more interested in the metaverse, according to a report by Accenture.",https://venturebeat.com/games/consumer-and-business-interest-in-the-metaverse-is-growing-accenture/,https://venturebeat.com/wp-content/uploads/2022/12/acc-metaverse.jpg?w=1200&strip=all,2023-01-04T13:00:00Z,"Connect with gaming and metaverse leaders online at GamesBeat Summit: Into the Metaverse 3 this February 1-2. Register here.
Consumers and businesses are getting more interested in the metaverse, acâ€¦ [+1477 chars]"
4,4,"{'id': None, 'name': 'VentureBeat'}","Michael Biltz, Accenture Labs, Marc Carrel-Billiard, Accenture",Plan now for the internetâ€™s transformation by the metaverse and Web3,"How Web3 and the metaverse will transform the internet for individuals and companies alike, and what companies should do to prepare now.",https://venturebeat.com/virtual/plan-now-for-the-internets-transformation-by-the-metaverse-and-web3/,https://venturebeat.com/wp-content/uploads/2022/09/GettyImages-1350550965-BlackSalmon.jpg?w=1200&strip=all,2023-01-29T16:20:00Z,"Check out all the on-demand sessions from the Intelligent Security Summit here.
Today, the internet is a disparate collection of sites, apps and platforms. Because they are separate from one anotherâ€¦ [+1635 chars]"
5,5,"{'id': 'the-next-web', 'name': 'The Next Web'}",Thomas Macaulay,EU tech policy predictions: What to expect in 2023,"The European Union has an unusual IT strategy. While the US prioritizes the development of global tech giants, the EU focuses on becoming the sectorâ€™s leading regulator. In 2022, the bloc launched two sweeping sets of stringent new rules: the Digital Markets â€¦",https://thenextweb.com/news/eu-tech-policy-predictions-2023,https://img-cdn.tnwcdn.com/image/tnw?filter_last=1&fit=1280%2C640&url=https%3A%2F%2Fcdn0.tnwcdn.com%2Fwp-content%2Fblogs.dir%2F1%2Ffiles%2F2022%2F12%2FUntitled-design-3-2.jpg&signature=d2376547395c8d9c9a68c16fb5822189,2022-12-31T10:00:34Z,"The European Union has an unusual IT strategy. While the US prioritizes the development of global tech giants, the EU focuses on becoming the sectors leading regulator.
In 2022, the bloc launched twâ€¦ [+8441 chars]"
6,6,"{'id': None, 'name': 'MarketWatch'}",Jeremy C. Owens,: Tesla is not alone: 18 (and a half) other big stocks are headed for their worst year on record,Meta Platforms and PayPal are also among S&P 1500 stocks with $30 billion market cap or larger that are headed for their biggest percentage declines yet in 2022,https://www.marketwatch.com/story/tesla-is-not-alone-18-and-a-half-other-big-stocks-are-headed-for-their-worst-year-on-record-11672361991,https://images.mktw.net/im-587536/social,2022-12-30T00:59:00Z,"In the worst year for stocks since the Great Recession, several big names are headed for their worst year on record with just one trading day left in 2022.The S&amp;P 500 index 
 SPX,
 +1.75%
and â€¦ [+4511 chars]"
7,7,"{'id': None, 'name': 'Theregister.com'}",Paul Kunert,Corporations start testing Windows 11 in bigger numbers. Good luck,"Accensure and L'Oreal among biz users, yet general adoption still well behind predecessor
Large corporations are starting to run Windows 11 pilot programs in anger, potentially helping to boost adoption of Microsoftâ€™s latest operating system â€“ whose popularitâ€¦",https://www.theregister.com/2023/01/05/corporate_enterprise_windows_11_pilots_/,https://regmedia.co.uk/2021/07/21/chen_new.jpg,2023-01-05T14:00:15Z,"Large corporations are starting to run Windows 11 pilot programs in anger, potentially helping to boost adoption of Microsofts latest operating system whose popularity remains way behind its predecesâ€¦ [+3416 chars]"
8,8,"{'id': None, 'name': 'Techdirt'}",Tim Cushing,Government Continues To Rely On Private Contractors To Bypass Privacy Protections,Thereâ€™s only so much domestic surveillance the government can engage in before it starts running into problems. The Supreme Courtâ€™s Carpenter decision strongly suggested gathering data in bulk to track people might run afoul of the Fourth Amendment. Lower couâ€¦,https://www.techdirt.com/2023/01/05/government-continues-to-rely-on-private-contractors-to-bypass-privacy-protections/,https://www.techdirt.com/wp-content/themes/techdirt/assets/images/td-rect-logo-white.png,2023-01-05T17:18:58Z,"from the ongoing-inconvenience-of-guaranteed-rights dept
Thereâ€™s only so much domestic surveillance the government can engage in before it starts running into problems. The Supreme Courtâ€™s Carpenterâ€¦ [+7355 chars]"
9,9,"{'id': None, 'name': 'Motley Fool'}",newsfeedback@fool.com (Jeremy Bowman),Tired of Volatility? Consider These 2 Tech Stocks,Not every tech stock is struggling with macro headwinds.,https://www.fool.com/investing/2023/01/20/tired-of-volatility-consider-these-2-tech-stocks/,https://g.foolcdn.com/editorial/images/717114/coding-analysis-software-engineer-programming_QPDf8Uq.jpg,2023-01-20T21:00:00Z,"Last year was a wake-up call for tech investors.
After years of enjoying market-beating returns, tech investors saw the NasdaqÂ plunge 33% in 2022, significantly underperforming the S&amp;P 500Â and tâ€¦ [+3882 chars]"
10,10,"{'id': None, 'name': 'Motley Fool'}",newsfeedback@fool.com (Keithen Drury),3 Bargain Stocks You Can Buy Today and Hold Forever,These companies are fairly valued and returning cash to shareholders.,https://www.fool.com/investing/2023/01/21/3-bargain-stocks-you-can-buy-today-and-hold-foreve/,https://g.foolcdn.com/editorial/images/714684/person-holding-a-credit-card-smiling.jpg,2023-01-21T12:00:00Z,"When the market had as bad a year as it did in 2022, there are bound to be some bargains lying around just waiting for investors to pick them up. The ones you should be looking for are those that werâ€¦ [+4510 chars]"
11,11,"{'id': None, 'name': 'Motley Fool'}",newsfeedback@fool.com (Adam Levy),Is Meta Platforms Sitting on a $1 Trillion Opportunity?,Metaverse adoption and spending may be about to explode.,https://www.fool.com/investing/2023/01/12/meta-platforms-sitting-on-1-trillion-opportunity/,https://g.foolcdn.com/editorial/images/716009/getty-images-virtual-reality-headset-oculus.jpeg,2023-01-12T11:14:00Z,"Don't be too surprised if you find yourself or a friend spending a lot of money in the metaverse in the near future.
The metaverse could fuel $1 trillion in commerce by 2025, according to Accenture,â€¦ [+4181 chars]"
12,12,"{'id': None, 'name': 'Digiday'}",Antoinette Siu,CES 2023 brings focus to clean rooms and attention metrics at the C Space,CES 2023 was back in full swing as companies showcase their upcoming consumer technologies -- from flying cars to haptic suits -- and marketing's C Space tackles issues around clean rooms and attention metrics.,http://digiday.com/marketing/ces-2023-brings-focus-to-clean-rooms-and-attention-metrics-at-the-c-space/,https://digiday.com/wp-content/uploads/sites/3/2023/01/key-internet-Teads.png,2023-01-06T17:26:31Z,"Electric quadcopters and earbuds that read your mind? Only at CES.Thatâ€™s right, CES 2023 was back in full swing in Las Vegas and online, as companies showcase their upcoming consumer technologies â€” fâ€¦ [+3834 chars]"
13,13,"{'id': None, 'name': 'Digiday'}",Antoinette Siu,Media Buying Briefing: Could virtual interns and brand safety bots be the future of AI for media agencies?,"Artificial intelligence may not be taking over media agencies' jobs yet, but some of this technology is already sitting, and working, next to you.",http://digiday.com/media-buying/media-buying-briefing-could-virtual-interns-and-brand-safety-bots-be-the-future-of-ai-for-media-agencies/,https://digiday.com/wp-content/uploads/sites/3/2027/01/surprise-conclusion.jpeg,2023-01-23T05:01:00Z,"Artificial intelligence may not be taking over media agenciesâ€™ jobs yet, but some of this technology is already sitting, and working, next to you. While machine-learning tools have saved time and braâ€¦ [+8034 chars]"
14,14,"{'id': None, 'name': 'Digiday'}",Ronan Shields,Google is increasingly turning to resellers as it conducts the largest round of layoffs in its history,Even large advertisers note that Google is asking them to work with third parties.,http://digiday.com/media-buying/google-is-increasingly-turning-to-resellers-as-it-conducts-the-largest-round-of-layoffs-in-its-history/,https://digiday.com/wp-content/uploads/sites/3/2027/01/google-storm.jpg,2023-01-20T16:55:14Z,"Alphabet today has confirmed that it plans to cut 12,000 jobs, reportedly the largest round of layoffs in its history, a development that comes as advertisers note a gradual shift in how Google dealsâ€¦ [+6487 chars]"
15,15,"{'id': None, 'name': 'The Indian Express'}",Education Desk,"IIT Guwahati Placement (Computer Science): Highest package, average CTC, top recruiting companies",IIT-Guwahati is one of top engineering colleges in India. Check their average and highest placement offers for computer science engineering in the last five years.,https://indianexpress.com/article/education/jee-main-2023-iit-guwahati-placement-computer-science-salary-highest-package-average-ctc-recruiting-companies-8341101/,https://images.indianexpress.com/2022/12/IIT-Guwahati.jpg,2023-01-01T04:35:06Z,(The IIT placement is part of a series by The Indian Express where we bring to you the five-year placement record of a course offered by a top engineering college. This will help JEE aspirants chooseâ€¦ [+2933 chars]
16,16,"{'id': None, 'name': 'Digiday'}",Michael BÃ¼rgi,How NFTs could evolve for brands â€”Â now that marketers know what they actually are,"NFTs are finally growing out of crypto novelty into next-gen loyalty tools. Tyler Moebius, founder and CEO of SmartMedia Technologies, explains where else they can go.",http://digiday.com/marketing/how-nfts-could-evolve-for-brands-now-that-marketers-know-what-they-actually-are/,https://digiday.com/wp-content/uploads/sites/3/2023/01/Tyler-Moebius.png,2023-01-27T05:01:00Z,"For the most part, non-fungible tokens (NFTs) have been a bust for the marketing and media worlds, mostly the terrain of crypto buffs who invested a lot of coin in seemingly similar-looking pieces ofâ€¦ [+4873 chars]"
17,17,"{'id': None, 'name': 'Psychology Today'}",Corinna (Cori) Lathan Ph.D.,"3 Healthcare Challenges the ""Med-averse"" Could Address",Emerging technology could help address some of healthcare's most pressing problems.,https://www.psychologytoday.com/intl/blog/inventing-the-future/202301/3-healthcare-challenges-the-med-averse-could-address,https://cdn2.psychologytoday.com/assets/styles/manual_crop_1_91_1_1528x800/public/teaser_image/blog_entry/2023-01/DALL%C2%B7E%202023-01-24%2016.54.10%20-%20virtual%20reality%20medicine%20therapy%20doctor%20Metaverse%20woman.png.jpg?itok=_GrGI9oV,2023-01-25T18:09:10Z,"by Corinna Lathan, PhD and Daniel Kraft, MD, founder of NextMed Health.
Weve heard much about technologies converging to form one, or likely multiple, versions of a metaverse. [1] These technologiesâ€¦ [+5556 chars]"
18,18,"{'id': None, 'name': 'Forbes'}","Joe McKendrick, Contributor, 
 Joe McKendrick, Contributor
 https://www.forbes.com/sites/joemckendrick/","Yes, A Mainstream Company Could Be Just As Tech-Savvy As A Google","A survey out of Accenture Research finds some mainstream companies have already made the leap to tech-savvy players. Plus, these companies report seeing positive results.",https://www.forbes.com/sites/joemckendrick/2023/01/17/yes-a-mainstream-company-could-be-just-as-tech-savvy-as-a-google/,https://imageio.forbes.com/specials-images/imageserve/63c630788b7fcf7a07766ec6/0x0.jpg?format=jpg&width=1200,2023-01-17T12:00:00Z,"Digital delivers dividends, study shows.
getty
For the past few decades, the technology giants the likes of Amazon, Apple, Google, and Microsoft had command of the latest technologies, and were hotâ€¦ [+3378 chars]"
19,19,"{'id': None, 'name': 'Forbes'}","World Economic Forum, Contributor, 
 World Economic Forum, Contributor
 https://www.forbes.com/sites/worldeconomicforum/",A Vision For A Global Collaboration Village,"We are at the beginning of a technological development to support progress. The Global Collaboration Village is a global, purpose-driven metaverse platform.",https://www.forbes.com/sites/worldeconomicforum/2023/01/17/a-vision-for-a-global-collaboration-village/,https://imageio.forbes.com/specials-images/imageserve/63c55946db4d1f87b1a44bb3/0x0.jpg?format=jpg&width=1200,2023-01-17T08:00:00Z,"Dive in to the Global Collaboration Village ocean experience.
Accenture
By Klaus Schwab, Founder and Executive Chairman, World Economic Forum
Many heralded the advent of the internet and the spreaâ€¦ [+3755 chars]"
20,20,"{'id': None, 'name': 'Forbes'}","Tracy Brower, PhD, Contributor, 
 Tracy Brower, PhD, Contributor
 https://www.forbes.com/sites/tracybrower/",CEOs Say HR Is Central To Business Success: 5 Critical Shifts,"With so many business issues coming back to people, talent and workforce, the time is right for HR to finally have a seat at the tableâ€”and more.",https://www.forbes.com/sites/tracybrower/2023/01/22/ceos-say-hr-is-central-to-business-success-5-critical-shifts/,https://imageio.forbes.com/specials-images/imageserve/63cdbfc0bc0ab8b010922d88/0x0.jpg?format=jpg&width=1200,2023-01-22T23:34:09Z,"HR will be central to success in the future of work. 
getty
This is arguably the most challenging timeeverto be in HR. Its also the very best. With so many business issues driven by people, talent â€¦ [+10187 chars]"
21,21,"{'id': None, 'name': 'Forbes'}","Luciana Paulise, Contributor, 
 Luciana Paulise, Contributor
 https://www.forbes.com/sites/lucianapaulise/",Here Are Glassdoorâ€™s Top Ten Best Places To Work 2023,"While many organizations were expecting to â€œgo back to normalâ€ after the pandemic effect, remote work, resignation, and quiet quitting are three hard punches that have definitely impacted both company cultures and employeeâ€™s habits and are here to stay.
Here â€¦",https://www.forbes.com/sites/lucianapaulise/2023/01/14/here-are-glassdoors-top-ten-best-places-to-work-2023/,https://imageio.forbes.com/specials-images/imageserve/63c1dd2e0de4018f036db908/0x0.jpg?format=jpg&width=1200,2023-01-14T14:00:00Z,"Happy businesswoman
getty
Workplaces have changed a lot since the past year. While many organizations were expecting to go back to normal after the pandemic effect, remote work, resignation, and quâ€¦ [+1875 chars]"
22,22,"{'id': None, 'name': 'Forbes'}","Lawrence Wintermeyer, Contributor, 
 Lawrence Wintermeyer, Contributor
 https://www.forbes.com/sites/lawrencewintermeyer/",The Reports Of The Death Of Crypto Are Greatly Exaggerated At Davos,"The global blockchain community is quietly and confidently replacing the antiquated plumbing in financial markets, some of it more than 50 years old, and replacing it with digital infrastructure that works and delivers real benefits, both economic and social.",https://www.forbes.com/sites/lawrencewintermeyer/2023/01/20/the-reports-of-the-death-of-crypto-are-greatly-exaggerated-at-davos/,https://imageio.forbes.com/specials-images/imageserve/63cafd0073cb77f05736e6cb/0x0.jpg?format=jpg&width=1200,2023-01-20T21:00:03Z,"TOPSHOT - A photograph shows a general view of the alpine resort of Davos, on the opening day of the ... [+] annual World Economic Forum (WEF) in Davos on January 16, 2023. (Photo by Fabrice COFFRINIâ€¦ [+6482 chars]"
23,23,"{'id': None, 'name': 'Forbes'}","Diane Winiarski, Contributor, 
 Diane Winiarski, Contributor
 https://www.forbes.com/sites/dianewiniarski/",Three Ways People With Disabilities Make A Difference In Your Organization,"The Great Attrition, inflation and a struggling economy have combined to make it difficult to hire and retain talented employees in todayâ€™s job market.",https://www.forbes.com/sites/dianewiniarski/2023/01/23/three-ways-people-with-disabilities-make-a-difference-in-your-organization/,https://imageio.forbes.com/specials-images/imageserve/63ce99319a39d5c80d766ebe/0x0.jpg?format=jpg&width=1200,2023-01-23T14:30:45Z,"People with disabilities represent a sizable untapped resource. 
Pexel 
The Great Attrition, inflation and a struggling economy have combined to make it difficult to hire and retain talented employâ€¦ [+3929 chars]"
24,24,"{'id': None, 'name': 'Forbes'}","Jennifer ""Jay"" Palumbo, Contributor, 
 Jennifer ""Jay"" Palumbo, Contributor
 https://www.forbes.com/sites/jenniferpalumbo/",How To Build An Inclusive Recruitment Process That Supports Neurodiversity In The Workplace,"There has been a growing commitment to hiring this untapped talent pool. However, some companies are still struggling with ways to best executive on this. Below are recruitment experts share their advice for employers on how to build an inclusive recruitment â€¦",https://www.forbes.com/sites/jenniferpalumbo/2022/12/31/how-to-build-an-inclusive-recruitment-process-that-supports-neurodiversity-in-the-workplace/,https://imageio.forbes.com/specials-images/imageserve/63a35fb08344ee03450c44cf/0x0.jpg?format=jpg&width=1200,2022-12-31T17:29:56Z,"Neurodiversity as human mind variation and differences tiny person concept. Mental awareness and ... [+] psychological issues about sociability, learning, attention, mood and disorders vector illustrâ€¦ [+9666 chars]"
25,25,"{'id': None, 'name': 'Forbes'}","John Hall, Senior Contributor, 
 John Hall, Senior Contributor
 https://www.forbes.com/sites/johnhall/",Using Industry-Targeted Inbound Marketing To Generate Leads,"Inbound marketing is a more personalized strategy for generating leads. It relies on forming relationships, which is especially useful for industries focusing on people.",https://www.forbes.com/sites/johnhall/2023/01/13/using-industry-targeted-inbound-marketing-to-generate-leads/,"https://imageio.forbes.com/specials-images/imageserve/63248de480e25ae1e99de208/0x0.jpg?format=jpg&crop=2122,1591,x0,y0,safe&width=1200",2023-01-13T23:00:30Z,"Business team discussing marketing strategy
getty
People often rely on digital means to find solutions to their problems. This applies to every industry, but to some more than others. For example, â€¦ [+6063 chars]"
26,26,"{'id': None, 'name': 'Forbes'}","Yogesh Shah, Forbes Councils Member, 
 Yogesh Shah, Forbes Councils Member
 https://www.forbes.com/sites/forbesbusinesscouncil/people/yogeshshah/",Biggest Trends In Thought Leadership We'll See This Year,"Focus on referencing content, being more analytical, talking about current issues and using an omnichannel approach to your thought leadership marketing strategy.",https://www.forbes.com/sites/forbesbusinesscouncil/2023/01/24/biggest-trends-in-thought-leadership-well-see-this-year/,https://imageio.forbes.com/specials-images/imageserve/63ce9c161a3f310a50766ec0/0x0.jpg?format=jpg&width=1200,2023-01-24T14:15:00Z,"A passionate marketer, CEO at iResearch Services, TechInformed &amp; GivingforGood.
getty
Did you know McKinsey &amp; Companyone of the biggest names in thought leadership for professional servicesâ€¦ [+6521 chars]"
27,27,"{'id': None, 'name': 'Forbes'}","Andy Purdy, Forbes Councils Member, 
 Andy Purdy, Forbes Councils Member
 https://www.forbes.com/sites/forbestechcouncil/people/andypurdy/",A Big Letdown? What Industry Leaders Should Know About The Potential Of 5G,"Some critics have called 5G a disappointment, but these critiques ignore some of 5Gâ€™s most far-reaching benefits.",https://www.forbes.com/sites/forbestechcouncil/2023/01/24/a-big-letdown-what-industry-leaders-should-know-about-the-potential-of-5g/,https://imageio.forbes.com/specials-images/imageserve/63ced84ed409a9d933766ec0/0x0.jpg?format=jpg&width=1200,2023-01-24T13:15:00Z,"Andy is CSO for Huawei Technologies USA, overseeing Huaweis US cyber assurance program. 
getty
A piece in this months Wall Street Journal bears the headline, Its Not Just You: 5G Is A Big Letdown. â€¦ [+6045 chars]"
28,28,"{'id': None, 'name': 'Forbes'}","Diane Brady, Forbes Staff, 
 Diane Brady, Forbes Staff
 https://www.forbes.com/sites/dianebrady/",A CIOâ€™s Guide To CES â€“ And What's Next In Enterprise Tech,"In this issue, we look at the early buzz around CES 2023, the annual extravaganza of consumer tech that kicks off next week in Las Vegas.",https://www.forbes.com/sites/dianebrady/2022/12/29/a-cios-guide-to-ces--and-whats-next-in-enterprise-tech/,https://imageio.forbes.com/specials-images/imageserve/63ad011d05c03a7abfcc7319/0x0.jpg?format=jpg&width=1200,2022-12-29T14:55:57Z,"The annual circus of consumer technology is expected to draw 100,000 people to Las Vegas next week.
Copyright 2022 The Associated Press. All rights reserved.
An excerpt from the Forbes CIO newslettâ€¦ [+5273 chars]"
29,29,"{'id': None, 'name': 'Forbes'}","Eric Friedman, Forbes Councils Member, 
 Eric Friedman, Forbes Councils Member
 https://www.forbes.com/sites/forbeshumanresourcescouncil/people/ericfriedman/",How Reskilling And Upskilling Help Companies Prepare For The Future,One of the best ways to prepare your organization for the future of work is to incorporate skills development into your corporate strategy.,https://www.forbes.com/sites/forbeshumanresourcescouncil/2023/01/11/how-reskilling-and-upskilling-help-companies-prepare-for-the-future/,https://imageio.forbes.com/specials-images/imageserve/63bd6985fc64e7d44836e6ad/0x0.jpg?format=jpg&width=1200,2023-01-11T12:00:00Z,"Eric Friedman is the Founder and CEO of eSkill, a global leader in skills testing and behavioral assessment solutions for employers.
getty
Companies are finding that staying competitive and keepingâ€¦ [+4885 chars]"
30,30,"{'id': None, 'name': 'Forbes'}","Chintan Shah, Forbes Councils Member, 
 Chintan Shah, Forbes Councils Member
 https://www.forbes.com/sites/forbestechcouncil/people/chintanshah/",Businesses Need To Watch These Digital Transformation Trends In 2023,"Businesses must stay on top of these latest business and tech trends, bridge gaps between the two and maneuver change intelligently.",https://www.forbes.com/sites/forbestechcouncil/2023/01/27/businesses-need-to-watch-these-digital-transformation-trends-in-2023/,https://imageio.forbes.com/specials-images/imageserve/63d27e329cb9afadefacf728/0x0.jpg?format=jpg&width=1200,2023-01-27T11:45:00Z,"Chintan is a serial entrepreneur and currently the CEO and founder of Brainvire.
getty
Digital transformation is indispensable for businesses that intend to remain relevant in the near future. Giveâ€¦ [+5313 chars]"
31,31,"{'id': None, 'name': 'Forbes'}","Micah Remley, Forbes Councils Member, 
 Micah Remley, Forbes Councils Member
 https://www.forbes.com/sites/forbestechcouncil/people/micahremley/",Building An Office For The Hybrid Work Era,"As new developments and technologies emerge to meet the needs of hybrid work, employers and office leaders will need to dive into the data and make informed decisions rather than guessing.",https://www.forbes.com/sites/forbestechcouncil/2023/01/04/building-an-office-for-the-hybrid-work-era/,https://imageio.forbes.com/specials-images/imageserve/63b4332b4c5b57af1795e412/0x0.jpg?format=jpg&width=1200,2023-01-04T15:00:00Z,"Micah Remley, Chief Executive Officer at Robin.
getty
For most organizations, the concept of the workplace changed dramatically in early 2020 with the advent of the Covid-19 pandemic. With the hybrâ€¦ [+5807 chars]"
32,32,"{'id': None, 'name': 'Forbes'}","Marc Emmer, Forbes Councils Member, 
 Marc Emmer, Forbes Councils Member
 https://www.forbes.com/sites/forbesbusinesscouncil/people/marcemmer/",Six Ways To Use Blockchain,"The practical applications of blockchain technology for businesses include streamlining processes, building trust with customers and improving data security.",https://www.forbes.com/sites/forbesbusinesscouncil/2023/01/25/six-ways-to-use-blockchain/,https://imageio.forbes.com/specials-images/imageserve/63d03f67a3d901e222d1c38e/0x0.jpg?format=jpg&width=1200,2023-01-25T15:00:00Z,"Marc Emmer is president of Optimize Inc. and an author, speaker and consultant specializing in strategy and strategic planning.
getty
In light of the FTX crash and the giant sucking sound that follâ€¦ [+6244 chars]"
33,33,"{'id': None, 'name': 'Forbes'}","Bess Winston, Forbes Councils Member, 
 Bess Winston, Forbes Councils Member
 https://www.forbes.com/sites/forbesagencycouncil/people/besswinston/",The Power Of The Pivot To Achieve Corporate Sustainability Goals,"If there was ever a justifiable time for companies to pivot, itâ€™s now.",https://www.forbes.com/sites/forbesagencycouncil/2023/01/26/the-power-of-the-pivot-to-achieve-corporate-sustainability-goals/,https://imageio.forbes.com/specials-images/imageserve/63beb99d1683af9fa8964a41/0x0.jpg?format=jpg&width=1200,2023-01-26T12:15:00Z,"Senior Partner at the Winston Agency, a FINN Partners Company, specializing in sustainability communications and advocacy.
getty
Eighteen years ago, purely by fortunate happenstance, my corporate câ€¦ [+5654 chars]"
34,34,"{'id': None, 'name': 'Forbes'}","Paul Smith-Goodson, Contributor, 
 Paul Smith-Goodson, Contributor
 https://www.forbes.com/sites/moorinsights/people/paulsmithgoodson/",IonQ Acquires Entangled Networks And Locks In Quantum Networking Technology Critical To Its Future Success,"Vice President, AI & Quantum Computing, Paul Smith-Goodson, dives in as today, IonQ announced that it is acquiring the operating assets of Entangled Networks in Toronto, Canada.",https://www.forbes.com/sites/moorinsights/2023/01/10/ionqs-acquires-entangled-networks-and-locks-in-quantum-networking-technology-critical-to-its-future-success/,https://imageio.forbes.com/specials-images/imageserve/63bd85c416aa03d86d964a41/0x0.jpg?format=jpg&width=1200,2023-01-10T15:38:30Z,"IONQ
IONQ
Today, IonQ announced that it is acquiring the operating assets of Entangled Networks in Toronto, Canada. In addition to expanding its technology base, IonQ will also be expanding its gloâ€¦ [+7735 chars]"
35,35,"{'id': None, 'name': 'Forbes'}","Thomas Serval, Forbes Councils Member, 
 Thomas Serval, Forbes Councils Member
 https://www.forbes.com/sites/forbestechcouncil/people/thomasserval/",CPG Gets Connected,"Worldwide, companies are responding to consumersâ€™ larger appetites for interaction by investing in connected CPGâ€”using Internet connectivity and clever design to enhance the experience around conventional consumer products and packaging.",https://www.forbes.com/sites/forbestechcouncil/2022/12/30/cpg-gets-connected/,https://imageio.forbes.com/specials-images/imageserve/63ada18abfedfef65ccc731f/0x0.jpg?format=jpg&width=1200,2022-12-30T14:15:00Z,"CEO of Baracoda, Executive Chairman of CareOS, former Google and Microsoft executive focusing on big ideas in connecting objects.
getty
The consumer packaged goods (CPG) industry is famously crowdeâ€¦ [+6847 chars]"
36,36,"{'id': None, 'name': 'Forbes'}","Paul McDonald, Contributor, 
 Paul McDonald, Contributor
 https://www.forbes.com/sites/paulmcdonald/",4 Reasons CFOs Must Take Their Communication Skills To A New Level This Year,Communication expectations for todayâ€™s CFOs involve more than just being able to tell the story behind the numbers.,https://www.forbes.com/sites/paulmcdonald/2023/01/13/4-reasons-cfos-must-take-their-communication-skills-to-a-new-level-this-year/,https://imageio.forbes.com/specials-images/imageserve/63c17b2da78d55621e964a41/0x0.jpg?format=jpg&width=1200,2023-01-13T15:42:25Z,"CFOs need to take their communication skills to the next level. 
getty
Chief financial officers (CFOs) that like to keep a low profile no longer have that luxury in most organizations. The pandemicâ€¦ [+7268 chars]"
37,37,"{'id': None, 'name': 'Forbes'}","Charlie Fink, Contributor, 
 Charlie Fink, Contributor
 https://www.forbes.com/sites/charliefink/","This Week In XR: Apple Punts See-Through AR, Layoffs Hit HoloLens, Metaverse Fashion Start Up Raises $6 Million",Metaverse and AI topped tech talk in Davos.,https://www.forbes.com/sites/charliefink/2023/01/19/this-week-in-xr-apple-punts-see-through-ar-layoffs-hit-hololens-metaverse-fashion-start-up-raises-6-million/,"https://imageio.forbes.com/specials-images/imageserve/632cecd8ca3f8f081544b120/0x0.jpg?format=jpg&crop=1102,620,x290,y274,safe&width=1200",2023-01-19T23:34:52Z,"The World Economic Forum in Davos Switzerland was this week and both Metaverse and AI were among the hot topics discussed by industrys most senior executives, world government officials, and think taâ€¦ [+7362 chars]"
38,38,"{'id': None, 'name': 'Forbes'}","Will Townsend, Contributor, 
 Will Townsend, Contributor
 https://www.forbes.com/sites/moorinsights/people/willtownsend/",Three 5G Networking And Cybersecurity Predictions For 2023,"Vice President, Security, Carriers and Enterprise Networking, Will Townsend gives his networking and security predictions of 2023.",https://www.forbes.com/sites/moorinsights/2023/01/20/three-5g-networking-and-cybersecurity-predictions-for-2023/,https://imageio.forbes.com/specials-images/imageserve/63cab20f967d9374246e3ae8/0x0.jpg?format=jpg&width=1200,2023-01-20T15:52:33Z,"Creative Commons
2022 flew by quickly, and it's that time again to forecast what the new year holds for my focus areas as an ARInsightsARchitect Analyst Power 100-ranked global industry analyst. Netâ€¦ [+8379 chars]"
39,39,"{'id': None, 'name': 'Forbes'}","Patrick Moorhead, Senior Contributor, 
 Patrick Moorhead, Senior Contributor
 https://www.forbes.com/sites/patrickmoorhead/",Qualcomm Highlights Snapdragon Ride Flex SoC And The Best Concept Car At CES 2023,#1-Ranked Industry Analyst Patrick Moorhead gives his coverage of Qualcomm and its Snapdragon Ride Flex family of SoCs at CES 2023.,https://www.forbes.com/sites/patrickmoorhead/2023/01/18/qualcomm-highlights-snapdragon-ride-flex-soc-and-the-best-concept-car-at-ces-2023/,https://imageio.forbes.com/specials-images/imageserve/63c85380166c233eb5766ec0/0x0.jpg?format=jpg&width=1200,2023-01-18T20:18:51Z,"Qualcomms concept car at CES 2023.
Patrick Moorhead
The automotive booths are some of the most mind-blowing displays at CES. In my podcast, The Six Five, my co-host Daniel Newman of Futurum Researcâ€¦ [+8683 chars]"
40,40,"{'id': None, 'name': 'Forbes'}","Paul Smith-Goodson, Contributor, 
 Paul Smith-Goodson, Contributor
 https://www.forbes.com/sites/moorinsights/people/paulsmithgoodson/",Zapata Computingâ€™s Second Annual Global Survey Shows Strong Progress For Quantum Computing In The Enterprise Market,"Vice President, AI & Quantum Computing, Paul Smith-Goodson, dives in as last year, Zapata Computing, a quantum software company, commissioned one of the year's most insightful and valuable quantum computing surveys.",https://www.forbes.com/sites/moorinsights/2023/01/11/zapata-computings-second-annual-global-survey-shows-strong-progress-for-quantum-computing-in-the-enterprise-market/,https://imageio.forbes.com/specials-images/imageserve/63bf33d1380ff7645891aeca/0x0.jpg?format=jpg&width=1200,2023-01-11T22:14:17Z,"Zapata
Zapata
Last year, Zapata Computing, a quantum software company, commissioned one of the year's most insightful and valuable quantum computing surveys. The survey revealed how and when companâ€¦ [+7469 chars]"
41,41,"{'id': None, 'name': 'Forbes'}","Bruce Rogers, Senior Contributor, 
 Bruce Rogers, Senior Contributor
 https://www.forbes.com/sites/brucerogers/",Wayne Lam Builds Cirrus Data To Solve Data Migration Challenge,"Wayne Lam, his brother Wai and their long-time team of engineers co-founded Cirrus Data, a developer of cloud, data center and storage area network applications for data migration and caching services.",https://www.forbes.com/sites/brucerogers/2023/01/26/wayne-lam-builds-cirrus-data-to-solve-data-migration-challenge/,https://imageio.forbes.com/specials-images/imageserve/63d2a323c6b15899784c5504/0x0.jpg?format=jpg&width=1200,2023-01-26T16:12:14Z,"Wayne Lam is an exuberant, self-described serial entrepreneur who has been building businesses helping customers solve their computing and data storage challenges since his undergraduate days as an eâ€¦ [+6114 chars]"
42,42,"{'id': None, 'name': 'Forbes'}","Bill Hardekopf, Contributor, 
 Bill Hardekopf, Contributor
 https://www.forbes.com/sites/billhardekopf/",This Week In Credit Card News: Interest Rates Expected To Keep Rising; Credit Card Trends In 2023,What took place this week in the credit card and payment industries,https://www.forbes.com/sites/billhardekopf/2023/01/05/this-week-in-credit-card-news-interest-rates-expected-to-keep-rising-credit-card-trends-in-2023/,https://imageio.forbes.com/specials-images/imageserve/63b7081ae204d3e4d4f26064/0x0.jpg?format=jpg&width=1200,2023-01-05T17:34:09Z,"Interest Rates on Mortgages, Cars, and Credit Cards Will Keep Getting More Expensive in 2023
Borrowing money to buy a house or a car won't get any cheaper this year, the nation's central bank just câ€¦ [+8528 chars]"
43,43,"{'id': None, 'name': 'Forbes'}","Patrick Moorhead, Senior Contributor, 
 Patrick Moorhead, Senior Contributor
 https://www.forbes.com/sites/patrickmoorhead/",A Worrisome Revelation For Apple: The HP Dragonfly Pro Laptop Rocks Unique AMD Internals And Optimizations,#1-Ranked Industry Analyst Patrick Moorhead gives his coverage of the HP Dragonfly Pro laptop and its unique AMD internals and optimizations.,https://www.forbes.com/sites/patrickmoorhead/2023/01/11/a-worrisome-revelation-for-apple-the-hp-dragonfly-pro-laptop-rocks-unique-amd-internals-and-optimizations/,https://imageio.forbes.com/specials-images/imageserve/63bef1e7e7ed94cfde964a43/0x0.jpg?format=jpg&width=1200,2023-01-11T17:31:48Z,"CES 2023 opening keynote. 
Jacob Freyman
For years, I have been pointing toward AMD in the mobile space as one of the ways to best compete with the Apple threat. It was simple equation- AMD had morâ€¦ [+8654 chars]"
44,44,"{'id': None, 'name': 'Forbes'}","Patrick Moorhead, Senior Contributor, 
 Patrick Moorhead, Senior Contributor
 https://www.forbes.com/sites/patrickmoorhead/",The Samsung Galaxy XCover6 Pro Is Samsungâ€™s Most Durable And Capable Phone Yet,#1-Ranked Industry Analyst Patrick Moorhead reviews the Samsung XCover6 Pro.,https://www.forbes.com/sites/patrickmoorhead/2023/01/11/the-samsung-galaxy-xcover6-pro-is-samsungs-most-durable-and-capable-phone-yet/,https://imageio.forbes.com/specials-images/imageserve/63bf2f97744bb7aaaee4e9c4/0x0.jpg?format=jpg&width=1200,2023-01-11T21:58:44Z,"Samsung 
Suppose we could go back a decade and reintroduce characteristics of the smartphone that have since passed. In that case, I believe some would want to recover the removable battery and backâ€¦ [+10516 chars]"
45,45,"{'id': None, 'name': 'Forbes'}","Patrick Moorhead, Senior Contributor, 
 Patrick Moorhead, Senior Contributor
 https://www.forbes.com/sites/patrickmoorhead/",AMD Brings Zen 4 Architecture And AI To Its Mobile Processors At CES 2023,"#1-Ranked Industry Analyst Patrick Moorhead gives his coverage of AMD's newly announced mobile and desktop processors, mobile graphics, AI products, and adaptive solutions at CES 2023.",https://www.forbes.com/sites/patrickmoorhead/2023/01/17/amd-brings-zen-4-architecture-and-ai-to-its-mobile-processors-at-ces-2023/,https://imageio.forbes.com/specials-images/imageserve/63c6b974f0d56574eae9af4b/0x0.png?format=png&width=1200,2023-01-17T15:09:27Z,"Lisa Su on stage at CES 2023.
AMD
AMD Chair and CEO Lisa Su kicked off CES 2023 with the opening keynote, highlighting all of the ways AMD is disruptively advancing its product markets. AMD announcâ€¦ [+10845 chars]"
46,46,"{'id': None, 'name': 'Forbes'}","Patrick Moorhead, Senior Contributor, 
 Patrick Moorhead, Senior Contributor
 https://www.forbes.com/sites/patrickmoorhead/",The Goldilocks Principle And Hybrid Cloud,"#1-Ranked Industry Analyst Patrick Moorhead dives in as The Goldilocks Principle shows up in many places in our lives and business in areas as vast and varied as astrobiology, economics, and machine learning. When it comes to the cloud, I can place my twist oâ€¦",https://www.forbes.com/sites/patrickmoorhead/2023/01/19/the-goldilocks-principle-and-hybrid-cloud/,https://imageio.forbes.com/specials-images/imageserve/63c96c06ef67aedf79766ebe/0x0.png?format=png&width=1200,2023-01-19T16:16:23Z,The Goldilocks Principle is the premise that we tend to end up with just the right amount of something over time. The Goldilocks Principle shows up in many places in our lives and business in areas aâ€¦ [+10799 chars]
47,47,"{'id': None, 'name': 'Forbes'}","Patrick Moorhead, Senior Contributor, 
 Patrick Moorhead, Senior Contributor
 https://www.forbes.com/sites/patrickmoorhead/",Zoho â€“ Running A Software Enterprise From A Village,"#1-Ranked Industry Analyst Patrick Moorhead dives in as recently, he had the opportunity to speak with Sridhar Vembu, Zoho CEO, via Zoho Meeting.",https://www.forbes.com/sites/patrickmoorhead/2023/01/26/zoho--running-a-software-enterprise-from-a-village/,https://imageio.forbes.com/specials-images/imageserve/63d2e67a8d5e11be974c5506/0x0.jpg?format=jpg&width=1200,2023-01-26T20:49:05Z,"If you have read my articles, you will know I like many things about Zoho; the company, the product approach, and innovation. Zoho has a track record of recognizing opportunities and getting there fiâ€¦ [+8943 chars]"
48,48,"{'id': None, 'name': 'Forbes'}","Patrick Moorhead, Senior Contributor, 
 Patrick Moorhead, Senior Contributor
 https://www.forbes.com/sites/patrickmoorhead/",Cloudera â€“ As The World Goes Hybrid,"#1-Ranked Industry Analyst Patrick Mooread dives deeply into stream processing, specifically Cloudera Stream Processing (CSP), which provides advanced messaging, stream processing, and analytics capabilities within the Cloudera DataFlow (CDF) platform.",https://www.forbes.com/sites/patrickmoorhead/2023/01/11/cloudera--as-the-world-goes-hybrid/,https://imageio.forbes.com/specials-images/imageserve/63bef55fa93d71f079e4e9c0/0x0.png?format=png&width=1200,2023-01-11T17:51:01Z,"The future is hybrid and multi-cloud. If you subscribe to that future, and most now do, then it follows that data management must be hybrid. Effective data management is vital for successful artificiâ€¦ [+10093 chars]"
49,49,"{'id': None, 'name': 'Forbes'}","Patrick Moorhead, Senior Contributor, 
 Patrick Moorhead, Senior Contributor
 https://www.forbes.com/sites/patrickmoorhead/",NI â€“ Getting Complex Products To Market Faster,"#1-Ranked Industry Analyst Patrick Moorhead dives in as recently the company, National Instruments, has reinvented its operating model to focus on software-defined testing systems and the addition of technologies such as data analytics and machine learning.",https://www.forbes.com/sites/patrickmoorhead/2023/01/18/ni--getting-complex-products-to-market-faster/,https://imageio.forbes.com/specials-images/imageserve/63c814d888f48a54d489b917/0x0.png?format=png&width=1200,2023-01-18T15:53:03Z,"NI (formerly National Instruments), headquartered in my hometown of Austin, Texas, is a company I've been following for a long time. In 2020, National Instruments shortened its name to 'NI' along witâ€¦ [+9522 chars]"
50,50,"{'id': None, 'name': 'Forbes'}","Patrick Moorhead, Senior Contributor, 
 Patrick Moorhead, Senior Contributor
 https://www.forbes.com/sites/patrickmoorhead/",A First Chat With New Infoblox President And CEO Scott Harrel,"#1-Ranked Industry analyst Patrick Moorhead dives in as Scott Harrell is the new CEO of Infoblox following the retirement of Jesper Andersen. Before joining Infoblox, Scott was the Senior Vice President and General Manager for Cisco.",https://www.forbes.com/sites/patrickmoorhead/2023/01/23/a-first-chat-with-new-infoblox-president-and-ceo-scott-harrel/,https://imageio.forbes.com/specials-images/imageserve/63cec65e2bf90ee9d6922d84/0x0.jpg?format=jpg&width=1200,2023-01-23T17:49:17Z,"One of the most exciting parts of my job, and there are many, is the opportunity to speak with CEOs, specifically CEOs that have just joined a new company. Many of us have experienced the all-hands mâ€¦ [+9328 chars]"
51,51,"{'id': None, 'name': 'Forbes'}","Patrick Moorhead, Senior Contributor, 
 Patrick Moorhead, Senior Contributor
 https://www.forbes.com/sites/patrickmoorhead/",Cadence Brings Dolby Atmos To Automotive Entertainment Systems,#1-Ranked Industry Analyst Patrick Moorhead gives a first-hand look at Cadence's new Tensilica-branded DSP solutions with next-generation technologies for the automotive entertainment industry and the true wireless stereo (TWS) space.,https://www.forbes.com/sites/patrickmoorhead/2023/01/17/cadence-brings-dolby-atmos-to-automotive-entertainment-systems/,"https://imageio.forbes.com/specials-images/imageserve/63c6bd325ee594aef3e9af4d/0x0.jpg?format=jpg&crop=3124,2604,x334,y0,safe&width=1200",2023-01-17T17:24:13Z,"The Rayban Stories Smart Glasses with Tensilica HiFi 4 DSP.
Jacob Freyman
One of the best parts of going to CES every year is getting to see all the new devices and demos. Most people only know Cadâ€¦ [+9019 chars]"
52,52,"{'id': None, 'name': 'Forbes'}","Patrick Moorhead, Senior Contributor, 
 Patrick Moorhead, Senior Contributor
 https://www.forbes.com/sites/patrickmoorhead/",Are The EU Concerns With Broadcomâ€™s VMware Deal Justified?,#1-Ranked Industry analyst Patrick Moorhead outlines why the EC's concerns with Broadcom's VMware deal are unfounded.,https://www.forbes.com/sites/patrickmoorhead/2023/01/25/are-the-eu-concerns-with-broadcoms-vmware-deal-justified/,https://imageio.forbes.com/specials-images/imageserve/63d18c8e049362de2d922d82/0x0.jpg?format=jpg&width=1200,2023-01-25T20:13:44Z,"Since the news of Broadcoms agreement to acquire VMware for approximately $61 billion in cash and stock broke, I have opined with several articles. As the situation has evolved, my early negative impâ€¦ [+9303 chars]"
53,53,"{'id': None, 'name': 'Forbes'}","Melody Brue, Contributor, 
 Melody Brue, Contributor
 https://www.forbes.com/sites/moorinsights/people/melodybrue/",ProWallet Is Building A Better Payments System For The Construction Industry,"Principal Analyst, Fintech and Retail Tech Melody Brue covers Rabbet's new instant payment solution specifically for the construction industry.",https://www.forbes.com/sites/moorinsights/2022/12/29/prowallet-is-building-a-better-payments-system-for-the-construction-industry/,https://imageio.forbes.com/specials-images/imageserve/63addcdb7da91250f25e175d/0x0.jpg?format=jpg&width=1200,2022-12-29T18:51:31Z,"202246195 / Construction Â© Skarie20 | Dreamstime.com
Construction cash flow is broken, and the problem is severe. The industry is plagued with antiquated, disjointed processes that make it hard for â€¦ [+11027 chars]"
54,54,"{'id': None, 'name': 'Forbes'}","Anshel Sag, Contributor, 
 Anshel Sag, Contributor
 https://www.forbes.com/sites/moorinsights/people/anshelsag/",AWSâ€™ Role In The Metaverse And Spatial Computing Is Constantly Evolving,"Senior Analyst, Mobility & VR, Anshel Sag, dives in as one of the companies that has always interested me in the space is Amazon Web Services (AWS) and their role within the metaverse and spacial computing which is the worldâ€™s largest provider of cloud servicâ€¦",https://www.forbes.com/sites/moorinsights/2023/01/10/aws-role-in-the-metaverse-and-spatial-computing-is-constantly-evolving/,https://imageio.forbes.com/specials-images/imageserve/63bd8c8d61ca78c44b7d1878/0x0.png?format=png&width=1200,2023-01-10T16:13:29Z,"Amazon
Amazon
I have been covering spatial computing as an analyst since 2014, when I joined Moor Insights &amp; Strategy, and even a year before that, in 2013, as a journalist. One of the companieâ€¦ [+8864 chars]"
55,55,"{'id': None, 'name': 'Forbes'}","Anshel Sag, Contributor, 
 Anshel Sag, Contributor
 https://www.forbes.com/sites/moorinsights/people/anshelsag/",DigiLens Makes Waves In The AR Market With Its ARGO Headset,"Senior Analyst, Mobility & VR, Anshel Sag, gives his analysis of the recently announced DigLens Argo AR glasses.",https://www.forbes.com/sites/moorinsights/2023/01/10/digilens-makes-waves-in-the-ar-market-with-its-argo-headset/,https://imageio.forbes.com/specials-images/imageserve/63be1c49941c86e68b15fad1/0x0.jpg?format=jpg&width=1200,2023-01-11T02:21:13Z,"Anshel Sag
DigiLens has announced a compelling new product for the AR market with its lightweight, industrial-grade ARGO headsetone that I believe fills an important gap for low-profile, standalone â€¦ [+11193 chars]"
56,56,"{'id': None, 'name': 'Forbes'}","Melody Brue, Contributor, 
 Melody Brue, Contributor
 https://www.forbes.com/sites/moorinsights/people/melodybrue/","Low-Code, No-Code Aligns Business Needs With IT Strategy For Greater Workforce Productivity","Vice President and Principal Analyst Melody Brue dives into low and no-code platforms and their effect on the modern workforce, from business-IT alignment to equity and inclusion.",https://www.forbes.com/sites/moorinsights/2023/01/17/low-code-no-code-aligns-business-needs-with-it-strategy-for-greater-workforce-productivity/,https://imageio.forbes.com/specials-images/imageserve/63c6f23446892e4c35e9af4b/0x0.jpg?format=jpg&width=1200,2023-01-17T19:10:26Z,"ID 217789283 Â© Ksenia Kolesnikova | Dreamstime.com
No code, no problem. Low-code, no-code platforms enable users to create software applications quickly without needing to write their own code. Thisâ€¦ [+10655 chars]"
57,57,"{'id': None, 'name': 'Forbes'}","Patrick Moorhead, Senior Contributor, 
 Patrick Moorhead, Senior Contributor
 https://www.forbes.com/sites/patrickmoorhead/",Dell Leads With PC Peripherals At CES 2023,#1-Ranked Industry Analyst Patrick Moorhead dives in as Dell has expanded its portfolio of hybrid work offerings with new peripherals and concepts that I believe set a precedent for the year 2023. He wants to highlight the devices from Dell that stuck out to â€¦,https://www.forbes.com/sites/patrickmoorhead/2023/01/05/dell-leads-with-pc-peripherals-at-ces-2023/,https://imageio.forbes.com/specials-images/imageserve/63b7278b65664df941429d7b/0x0.png?format=png&width=1200,2023-01-05T19:51:35Z,"Dell Technologies
Dell Technologies
If 2020 and 2021 were the years of remote work and 2022 was the transition year to hybrid work, what would that make 2023? I strongly believe that 2023 could be â€¦ [+11112 chars]"
58,58,"{'id': None, 'name': 'Forbes'}","Patrick Moorhead, Senior Contributor, 
 Patrick Moorhead, Senior Contributor
 https://www.forbes.com/sites/patrickmoorhead/","Nvidia Continues Its Momentum With New Robotics, Gaming And Creator Announcements At CES 2023","#1-Ranked Industry Analyst Patrick Moorhead gives his coverage of Nvidia's robotics, gaming and creator announcements at CES 2023.",https://www.forbes.com/sites/patrickmoorhead/2023/01/13/nvidia-continues-its-momentum-with-new-robotics-gaming-and-creator-announcements-at-ces-2023/,https://imageio.forbes.com/specials-images/imageserve/63c183ee192d255d87a44bb3/0x0.jpg?format=jpg&width=1200,2023-01-13T16:35:09Z,"GeForce RTX 40 Series laptops. 
Nvidia
As the world looks back at all the transformative technologies of 2022artificial intelligence (AI) milestones, adjustments to hybrid work, the digital transfoâ€¦ [+10231 chars]"
59,59,"{'id': None, 'name': 'Forbes'}","Patrick Moorhead, Senior Contributor, 
 Patrick Moorhead, Senior Contributor
 https://www.forbes.com/sites/patrickmoorhead/",Kyndryl â€“ Spinoff From IBM Making The Right Moves,"#1-Ranked Industry Analyst Patrick Moorhead dives in as he recently was fortunate to speak with Martin Schroeter, Kyndryl's Chairman and CEO, about his scorecard a little over a year after the spinoff from IBM.",https://www.forbes.com/sites/patrickmoorhead/2023/01/26/kyndryl--spinoff-from-ibm-making-the-right-moves/,https://imageio.forbes.com/specials-images/imageserve/63d2e4bf631477a3f0922dc5/0x0.jpg?format=jpg&width=1200,2023-01-26T20:40:46Z,"I am told I have a knack for identifying companies making waves in specific technology areas. One such company is Kyndryl, marking its second anniversary of separation from IBM. I believe it could beâ€¦ [+9331 chars]"
60,60,"{'id': None, 'name': 'Forbes'}","Anshel Sag, Contributor, 
 Anshel Sag, Contributor
 https://www.forbes.com/sites/moorinsights/people/anshelsag/",Dellâ€™s Reinvigorated Gaming Lineup Includes Many New And Revamped Products,"Senior Analyst, Mobility & VR, Anshel Sag, dives in as every year at CES, Dell releases its entire lineup of products for the business, consumer, and gaming markets across many lines, including Precision, Latitude, UltraSharp, Inspiron, XPS, Dell Gaming, and â€¦",https://www.forbes.com/sites/moorinsights/2023/01/03/dells-reinvigorated-gaming-lineup-includes-many-new-and-revamped-products/,https://imageio.forbes.com/specials-images/imageserve/63b48b8b1d47b8bff8acc323/0x0.jpg?format=jpg&width=1200,2023-01-03T20:15:50Z,"Dell Technologies
Dell Technologies
Every year at CES, Dell releases its entire lineup of products for the business, consumer, and gaming markets across many lines, including Precision, Latitude, Uâ€¦ [+13949 chars]"
61,61,"{'id': None, 'name': 'Forbes'}","Anshel Sag, Contributor, 
 Anshel Sag, Contributor
 https://www.forbes.com/sites/moorinsights/people/anshelsag/",Privacy Comes At A Premium: HTCâ€™s VIVE XR Elite Headset Could Save Us From An XR Privacy Mess,"Senior Analyst, Mobility & VR, Anshel Sag, gives his analysis of the HTC VIVE XR Elite headset and how it addresses concerns for XR Privacy",https://www.forbes.com/sites/moorinsights/2023/01/05/privacy-comes-at-a-premium-htcs-vive-xr-elite-headset-could-save-us-from-an-xr-privacy-mess/,https://imageio.forbes.com/specials-images/imageserve/63b5e4dd8fd47b3e92e0a5b7/0x0.png?format=png&width=1200,2023-01-05T18:00:00Z,"HTC
2023 is the year that XR is supposed to put up or shut up, or at least thats the general sentiment among most people both inside and outside the industry. After Meta planted the flag for the Metâ€¦ [+11769 chars]"
62,62,"{'id': None, 'name': 'Forbes'}","Matt Kimball, Contributor, 
 Matt Kimball, Contributor
 https://www.forbes.com/sites/moorinsights/people/mattkimball/",Sapphire Rapids Signals Intel Has Found Its Bearings,"Senior Analyst, Servers, Matt Kimball, dives in as Intel launched its 4th Gen Xeon processor, code-named Sapphire Rapids, today as this launch comes after some delay due to manufacturing issues, a change of leadership and other internal organization shifts.",https://www.forbes.com/sites/moorinsights/2023/01/10/sapphire-rapids-signals-intel-has-found-its-bearings/,https://imageio.forbes.com/specials-images/imageserve/63bd89d62039169d156dee4e/0x0.png?format=png&width=1200,2023-01-10T18:15:30Z,"Intel launched its 4th Gen Xeon processor, code-named Sapphire Rapids, today. This launch comes after some delay due to manufacturing issues, a change of leadership and other internal organization shâ€¦ [+13521 chars]"
63,63,"{'id': None, 'name': 'Forbes'}","Steve McDowell, Contributor, 
 Steve McDowell, Contributor
 https://www.forbes.com/sites/moorinsights/people/stevemcdowell/",The 2023 Enterprise Storage Agenda,"Senior Analyst, Storage & Data, Steve McDowell, dives in as it isn't easy to distill everything that's happening around the storage industry into a set of concrete predictions. In fact, it'd be folly to try. Steve McDowell offers up the topics that will set tâ€¦",https://www.forbes.com/sites/moorinsights/2023/01/09/the-2023-enterprise-storage-agenda/,https://imageio.forbes.com/specials-images/imageserve/63bc8535e6c5c46602f26064/0x0.jpg?format=jpg&width=1200,2023-01-09T21:21:22Z,"Enterprise Storage 2023
Moor Insights &amp; Strategy
The turning of the calendar triggers a natural sense of anticipation. The year has changed, and we can all start fresh, erasing what isn't workiâ€¦ [+13310 chars]"
64,64,"{'id': None, 'name': 'Forbes'}","Matt Kimball, Contributor, 
 Matt Kimball, Contributor
 https://www.forbes.com/sites/moorinsights/people/mattkimball/",Five Enterprise IT Predictions For 2023,"Senior Analyst, Servers, Matt Kimball, dives in as 2022 was a fascinating year for enterprise IT and the companies that deliver products and services to this market. He gives his five predictions for what we will see in the new year.",https://www.forbes.com/sites/moorinsights/2023/01/06/five-enterprise-it-predictions-for-2023/,https://imageio.forbes.com/specials-images/imageserve/63b8aad275ac67abeef26064/0x0.jpg?format=jpg&width=1200,2023-01-06T23:12:37Z,"Intel
Intel
2022 was a fascinating year for enterprise IT and the companies that deliver products and services to this market. Digital transformation was front and center for virtually every organiâ€¦ [+12046 chars]"
65,65,"{'id': None, 'name': 'Forbes'}","Patrick Moorhead, Senior Contributor, 
 Patrick Moorhead, Senior Contributor
 https://www.forbes.com/sites/patrickmoorhead/",Lenovo Shows Off New And Innovative PC And Phone Designs At CES 2023,#1-Ranked Industry Analyst Patrick Moorhead dives into Lenovo's new and innovative PC and Phone designs at CES 2023.,https://www.forbes.com/sites/patrickmoorhead/2023/01/11/lenovo-shows-off-new-and-innovative-pc-and-phone-designs-at-ces-2023/,https://imageio.forbes.com/specials-images/imageserve/63beef465518a57d04e4e9c0/0x0.jpg?format=jpg&width=1200,2023-01-11T17:23:15Z,"The Lenovo Yoga 9i in vertical mode. 
Jacob Freyman
This year at CES 2023, Lenovo announced its newest lineup of ThinkBook, ThinkPad and Yoga devices and more. Every year, I believe Lenovo does a gâ€¦ [+14728 chars]"
66,66,"{'id': None, 'name': 'Forbes'}","Anshel Sag, Contributor, 
 Anshel Sag, Contributor
 https://www.forbes.com/sites/moorinsights/people/anshelsag/",Snapdragon Satellite And The State Of Satellite Mobile Communications,"Senior Analyst, Mobility & VR, Anshel Sag, dives in as even with all the announcements and product launches of 2022, some companies were curiously missing, namely Qualcomm. That all changed this month at CES 2023, when the company announced a two-way messaginâ€¦",https://www.forbes.com/sites/moorinsights/2023/01/11/snapdragon-satellite-and-the-state-of-satellite-mobile-communications-1/,https://imageio.forbes.com/specials-images/imageserve/63befad9ff4062bcda89b8e7/0x0.jpg?format=jpg&width=1200,2023-01-11T18:15:09Z,"Qualcomm
Qualcomm
There is no question that satellite-enabled smartphones have become a major trend recently. Just in the past year, the likes of Apple, Amazon, AST-SpaceMobile, AT&amp;T, Bullitt Gâ€¦ [+13175 chars]"
67,67,"{'id': None, 'name': 'Forbes'}","Bill Curtis, Contributor, 
 Bill Curtis, Contributor
 https://www.forbes.com/sites/moorinsights/people/billcurtis/",CES 2023: Matter â€” Unlocking The Smart Home,"Analyst-in-Residence, Industrial IoT and IoT Technology, Bill Curtis, dives in as he look at Matter from a business perspective, explaining what it is, why itâ€™s a game-changer for the CE industry, and how itâ€™s becoming an influential design pattern for IoT coâ€¦",https://www.forbes.com/sites/moorinsights/2023/01/27/ces-2023-matter---unlocking-the-smart-home/,https://imageio.forbes.com/specials-images/imageserve/63d3f0d6631477a3f0922f16/0x0.jpg?format=jpg&width=1200,2023-01-27T15:47:21Z,"Matter
Matter
Every year, after recovering from CES, I take a step back and evaluate the most influential IoT technology trends. This years winner is Matter, a new industry standard for smart home â€¦ [+14825 chars]"
68,68,"{'id': None, 'name': 'Forbes'}","Anshel Sag, Contributor, 
 Anshel Sag, Contributor
 https://www.forbes.com/sites/moorinsights/people/anshelsag/",Snapdragon Satellite And The State Of Satellite Mobile Communications,"Senior Analyst, Mobility & VR, Anshel Sag, covers Qualcomm's Snapdragon Satellite at CES 2023.",https://www.forbes.com/sites/moorinsights/2023/01/11/snapdragon-satellite-and-the-state-of-satellite-mobile-communications/,https://imageio.forbes.com/specials-images/imageserve/63be1da9941c86e68b15fadb/0x0.jpg?format=jpg&width=1200,2023-01-11T14:00:00Z,"Anshel Sag
There is no question that satellite-enabled smartphones have become a major trend recently. Just in the past year, the likes of Apple, Amazon, AST-SpaceMobile, AT&amp;T, Bullitt Group, Glâ€¦ [+13329 chars]"
69,69,"{'id': None, 'name': 'Forbes'}","Patrick Moorhead, Senior Contributor, 
 Patrick Moorhead, Senior Contributor
 https://www.forbes.com/sites/patrickmoorhead/",Intel Announces New 13th Gen Mobile Processors At CES To Kick Off 2023,#1-Ranked Industry Analyst Patrick Moorhead give his analysis of Intel's next-generation 13th Gen Core processors and Intel Evo Platform at CES 2023.,https://www.forbes.com/sites/patrickmoorhead/2023/01/11/intel-announces-new-13th-gen-mobile-processors-at-ces-to-kick-off-2023/,https://imageio.forbes.com/specials-images/imageserve/63bec600679ee69ee5e4e9c6/0x0.jpg?format=jpg&width=1200,2023-01-11T14:25:17Z,"Intel
2022 was a big year for Intel. Although all its processors were not on the top of every stack in performance, it has made huge long-term progress in every product line. And we have to recognizâ€¦ [+11645 chars]"
70,70,"{'id': None, 'name': 'Forbes'}","Will Townsend, Contributor, 
 Will Townsend, Contributor
 https://www.forbes.com/sites/moorinsights/people/willtownsend/",Three Sport And Entertainment Venues That Understand The Value Of Connectivity,"Vice President, Security, Carriers and Enterprise Networking, Will Townsend dives into the value of connectivity for enhancing the fan experience and improving operational efficiency at three sport and entertainment venues.",https://www.forbes.com/sites/moorinsights/2023/01/13/three-sport-and-entertainment-venues-that-understand-the-value-of-connectivity/,https://imageio.forbes.com/specials-images/imageserve/63c1890fa48b31f629964a41/0x0.jpg?format=jpg&width=1200,2023-01-13T16:45:54Z,"Chase Center
Will Townsend
Its easy to take connectivity for granted. Although there is still a digital divide in some rural parts of the United States, many enjoy ubiquitous connectivity in the foâ€¦ [+12221 chars]"
71,71,"{'id': None, 'name': 'Forbes'}","Melody Brue, Contributor, 
 Melody Brue, Contributor
 https://www.forbes.com/sites/moorinsights/people/melodybrue/","Seamless Checkout, AI, Robotics News From Microsoft, Google, Brain Corp And More At NRF 2023",Vice President and Principal Analyst Melody Brue looks at some of the companies and products showcased at NRF 2023 that maximize the three pillars of an excellent shopping experience.,https://www.forbes.com/sites/moorinsights/2023/01/23/seamless-checkout-ai-robotics-news-from-microsoft-google-brain-corp-and-more-at-nrf-2023/,https://imageio.forbes.com/specials-images/imageserve/63ceffd2b891403906766ec0/0x0.jpg?format=jpg&width=1200,2023-01-23T21:50:02Z,"Photo 35345885 / Contactless Payments Â© Ldprod | Dreamstime.com
Earlier this month the National Retail Federation (NRF) held its annual Big Show in New York City. What used to be an old-guard show fâ€¦ [+13761 chars]"
72,72,"{'id': None, 'name': 'Forbes'}","Matt Kimball, Contributor, 
 Matt Kimball, Contributor
 https://www.forbes.com/sites/moorinsights/people/mattkimball/",How Are Server Vendors Embracing Intel's Sapphire Rapids?,"Senior analyst, Servers a Storage, Matt Kimball, dives in as major server vendors have announced portfolios that give insights into how these players view Sapphire Rapids and where it will play in the market.

 each server vendor and provide thoughts on the sâ€¦",https://www.forbes.com/sites/moorinsights/2023/01/24/how-are-server-vendors-embracing-intels-sapphire-rapids/,https://imageio.forbes.com/specials-images/imageserve/63cfe3b68d4d58f2be766ebe/0x0.jpg?format=jpg&width=1200,2023-01-24T13:59:36Z,"Intel
Intel
It's been two weeks since Intel launched its 4th Gen Xeon Scalable processorcode-named and further referenced here as Sapphire Rapids. Since then, the major server vendors have announceâ€¦ [+17047 chars]"
73,73,"{'id': None, 'name': 'Forbes'}","Melody Brue, Contributor, 
 Melody Brue, Contributor
 https://www.forbes.com/sites/moorinsights/people/melodybrue/",Fintech: 10 Expert Predictions For 2023,"Vice President and Principal Analyst of FinTech, Melody Brue, dives in as based on the unpredictable ups and downs of the last few years, she tends to agree with Money 20/20â€™s statement. Nevertheless, there are some 2023 predictions worth paying attention to.",https://www.forbes.com/sites/moorinsights/2023/01/26/fintech-10-expert-predictions-for-2023/,https://imageio.forbes.com/specials-images/imageserve/63d2dfaff56a6976217458ba/0x0.jpg?format=jpg&width=1200,2023-01-26T20:27:47Z,"Photo 146690556 Â© Jakub Jirsak 
Dreamstime.com
With the economy in turmoil and mass layoffs in the sector beginning to happen, I think Money 20/20 said it best when framing its predictions for the â€¦ [+19825 chars]"
74,74,"{'id': None, 'name': 'Forbes'}","Robert G. Eccles, Contributor, 
 Robert G. Eccles, Contributor
 https://www.forbes.com/sites/bobeccles/",From Professor To Politician To Sustainability Advocate: A Conversation With Jan Peter Balkenende,"Jan Peter Balkenende was a very successful two-term Prime Minister of the Netherlands. After his public service he and Paul Polman, then CEO of Unilever, founded the Dutch Sustainable Growth Coalition. We discussed how ESG is regarded in the Netherlands and tâ€¦",https://www.forbes.com/sites/bobeccles/2023/01/30/from-professor-to-politician-to-sustainability-advocate-a-conversation-with-jan-peter-balkenende/,"https://imageio.forbes.com/specials-images/imageserve/63d6874dd1da7d66665c8562/0x0.jpg?format=jpg&crop=1680,945,x0,y139,safe&width=1200",2023-01-30T10:25:21Z,"On November 4, 2022, I had the great pleasure and honor to deliver the second Piet Sanders Lecture sponsored by the Erasmus School of Law in Rotterdam, the Netherlands. My gracious hosts were Dean Haâ€¦ [+16348 chars]"
75,75,"{'id': None, 'name': 'Forbes'}","Patrick Moorhead, Senior Contributor, 
 Patrick Moorhead, Senior Contributor
 https://www.forbes.com/sites/patrickmoorhead/",Microsoft Surface Laptop 5 Versus Apple MacBook Air Experience Showdown,"#1-Ranked Industry Analyst Patrick Moorhead dives in as over the past couple of years, Apple has stirred up the notebook market with its M1 and M2 processors. Today, he wants to compare the Surface Laptop 5 to the MacBook Air M2.",https://www.forbes.com/sites/patrickmoorhead/2023/01/05/microsoft-surface-laptop-5-versus-apple-macbook-air-experience-showdown/,https://imageio.forbes.com/specials-images/imageserve/63b72b86c6a4425c3036e6bd/0x0.jpg?format=jpg&width=1200,2023-01-05T20:11:05Z,"Microsoft Surface Laptop 5
Microsoft
Over the past couple of years, Apple has stirred up the notebook market with its M1 and M2 processors. While Apple's new silicon has given its competitors a kicâ€¦ [+27415 chars]"
76,76,"{'id': None, 'name': 'Biztoc.com'}",adweek.com,S4 Capital's Martin Sorrell Is Ready for 2023,"Martin Sorrell brought along about 40 of his monks to Las Vegas last week. The founder and executive chairman of S4 Capital, the parent company of integrated agency Media.Monks, says a return to CES allowed for valuable face time with clients and partners. 50â€¦",https://biztoc.com/x/fb30002c71fd552f,https://c.biztoc.com/p/fb30002c71fd552f/og.webp,2023-01-11T11:06:22Z,"Martin Sorrell brought along about 40 of his monks to Las Vegas last week.
The founder and executive chairman of S4 Capital, the parent company of integrated agency Media.Monks, says a return to CESâ€¦ [+270 chars]"
77,77,"{'id': None, 'name': 'Biztoc.com'}",watcher.guru,"Binance Serves Over 120 Million Users Globally, Says CZ","Since its inception in 2017, Binance has come a long way. Binance has established itself as one of the most resilient among the lot, despite the turbulent bear market and other chaos. 2022 has been a difficult year for the entire cryptocurrency market. From tâ€¦",https://biztoc.com/x/f5efae73ed082047,https://c.biztoc.com/p/f5efae73ed082047/og.webp,2022-12-29T15:16:06Z,"Since its inception in 2017, Binance has come a long way. Binance has established itself as one of the most resilient among the lot, despite the turbulent bear market and other chaos.2022 has been a â€¦ [+443 chars]"
78,78,"{'id': None, 'name': 'Biztoc.com'}",adage.com,Agency news you need to know this week,"Saatchi & Saatchi named James Denton-Clark its new CEO. Denton-Clark takes over as Chris Kay, who joined in November 2021, departs the London agency and heads back to his native Sydney in July. Denton-Clark joins from Accenture Song, where he was creative ageâ€¦",https://biztoc.com/x/9222bf9bd5c36786,https://c.biztoc.com/p/9222bf9bd5c36786/og.webp,2023-01-27T11:14:05Z,"Saatchi &amp; Saatchi named James Denton-Clark its new CEO. Denton-Clark takes over as Chris Kay, who joined in November 2021, departs the London agency and heads back to his native Sydney in July.Deâ€¦ [+322 chars]"
79,79,"{'id': None, 'name': 'Biztoc.com'}",digiday.com,How NFTs could evolve for brands,"For the most part, non-fungible tokens (NFTs) have been a bust for the marketing and media worlds, mostly the terrain of crypto buffs who invested a lot of coin in seemingly similar-looking pieces of virtual art. That era, or what Tyler Moebius calls NFT 1.0 â€¦",https://biztoc.com/x/59f98f4799cbae0a,https://c.biztoc.com/p/59f98f4799cbae0a/og.webp,2023-01-27T05:06:11Z,"For the most part, non-fungible tokens (NFTs) have been a bust for the marketing and media worlds, mostly the terrain of crypto buffs who invested a lot of coin in seemingly similar-looking pieces ofâ€¦ [+286 chars]"
80,80,"{'id': None, 'name': 'Telegraph.co.uk'}",Guy Kelly,Monk turned millionaire guru Jay Shetty on the secret to a happy marriage,"He hikes with Will Smith, officiated J-Loâ€™s wedding and has an army of A-list fans. How a Londoner became Hollywood's go-to life coach",https://www.telegraph.co.uk/health-fitness/body/jay-shetty-monk-turned-millionaire-guru-secret-happy-marriage/,https://www.telegraph.co.uk/content/dam/health-fitness/2023/01/17/TELEMMGLPICT000322308003_trans_NvBQzQNjv4BqkBas0T2uOrqtccIwOGL_MFp-e4eHTvXS6G-tjC9cHOw.jpeg?impolicy=logo-overlay,2023-01-20T07:00:00Z,Shetty was shy so much so that he was enrolled in weekend classes at the London Academy of Music &amp; Dramatic Art (Lamda) to help drag him out of his shell. But he settled on the idea of going intoâ€¦ [+2320 chars]
81,81,"{'id': None, 'name': 'PC Gamer'}",jorge.jimenez@futurenet.com (Jorge Jimenez),The people trying to work in a virtual office have found themselves in a real mess,Employees are struggling with virtual workplaces.,https://www.pcgamer.com/the-people-trying-to-work-in-a-virtual-office-have-found-themselves-in-a-real-mess/,https://cdn.mos.cms.futurecdn.net/Ey3KsDT3s8WJ9MsNorMz4C-1200-80.jpg,2023-01-21T03:48:29Z,"The daily meeting. Your company might have a fun name for it, like a stand-up or a team huddle. It's a necessary evil most workplaces have to deal with. So if you ever find yourself thinking to yoursâ€¦ [+3661 chars]"
82,82,"{'id': 'politico', 'name': 'Politico'}",,From Davos: Mutiny on the mountain - POLITICO - POLITICO,"<ol><li>From Davos: Mutiny on the mountain - POLITICOÂ Â POLITICO
</li><li>Mutiny erupts among WEF staff over role of â€˜Mr Davosâ€™Â Â The Guardian
</li><li>Top business leaders and policymakers discuss the future of jobs at the World Economic ForumÂ Â CNBC
</li><lâ€¦",https://www.politico.com/newsletters/global-insider/2023/01/19/davos-world-economic-forum-00078484,https://static.politico.com/da/f5/44342c424c68b675719324b1106b/politico.jpg,2023-01-19T05:30:00Z,"OVERHEARD: Illinois Governor J.B. Pritzker talking at high volume in the central lounge of the Congress Center about his future political career, including a possible White House bid.
OVERNIGHT: Jacâ€¦ [+19833 chars]"
83,83,"{'id': None, 'name': 'Business Wire'}",,"Accenture Completes Acquisition of Inspirage, Expanding Digital ... - Business Wire","Accenture has completed its acquisition of Inspirage, an integrated Oracle Cloud specialist firm with an emphasis in supply chain management.",https://www.businesswire.com/news/home/20230104005153/en/Accenture-Completes-Acquisition-of-Inspirage-Expanding-Digital-Supply-Chain-Capabilities,https://mms.businesswire.com/media/20230104005153/en/1675745/23/Inspirage.jpg,2023-01-04T12:59:00Z,"NEW YORK--(BUSINESS WIRE)--Accenture (NYSE: ACN) has completed its acquisition of Inspirage, an integrated Oracle Cloud specialist firm with an emphasis in supply chain management, headquartered in Bâ€¦ [+7143 chars]"
84,84,"{'id': None, 'name': 'Yahoo Entertainment'}",Business Wire,"Growing Consumer and Business Interest in the Metaverse Expected to Fuel Trillion Dollar Opportunity for Commerce, Accenture Finds - Yahoo Finance","LAS VEGAS, January 04, 2023--Growing consumer and business interest in the metaverse is expected to fuel a $1 trillion commerce opportunity, says Accenture.",https://finance.yahoo.com/news/growing-consumer-business-interest-metaverse-125900835.html,https://media.zenfs.com/en/business-wire.com/86cc550eb76a33435a6be181bb33c082,2023-01-04T12:59:00Z,"Consumers eager to become active users of the metaverse and show high interest in problem-solving experiences related to fitness, retail, healthcare, travel and media
LAS VEGAS, January 04, 2023--(Bâ€¦ [+6063 chars]"
85,85,"{'id': None, 'name': 'Yahoo Entertainment'}",Business Wire,"Accenture to Acquire SKS Group, Strengthening its SAPÂ® and Regulatory Capabilities for Banking Clients in Germany, Austria and Switzerland - Yahoo Finance","HOCHHEIM, Germany, January 10, 2023--Accenture has agreed to acquire SKS Group, a consulting firm that helps banks across Germany, Austria and Switzerland.",https://finance.yahoo.com/news/accenture-acquire-sks-group-strengthening-081000662.html,https://media.zenfs.com/en/business-wire.com/c1559ff24ca2d5c2d0ff027e12fc0c01,2023-01-10T08:10:00Z,"HOCHHEIM, Germany, January 10, 2023--(BUSINESS WIRE)--Accenture (NYSE: ACN) has agreed to acquire SKS Group, a consulting firm that helps banks across Germany, Austria and Switzerland modernize theirâ€¦ [+9916 chars]"
86,86,"{'id': None, 'name': 'Yahoo Entertainment'}",United Nations Global Compact,"Alarmed by Speed and Scale of Disruption, CEOs Embrace Sustainability to Build Long-Term Resilience, According to UN Global Compact and Accenture - Yahoo Finance","Alarmed by Speed and Scale of Disruption, CEOs Embrace Sustainability to Build Long-Term Resilience, According to UN Global Compact and AccentureÂ Â Yahoo Finance",https://finance.yahoo.com/news/alarmed-speed-scale-disruption-ceos-050100904.html,https://s.yimg.com/ny/api/res/1.2/2WFVdprtrf6JzZ8snJqsTw--/YXBwaWQ9aGlnaGxhbmRlcjt3PTEyMDA7aD0xMjE4/https://media.zenfs.com/en/globenewswire.com/af24500cc7a5e4e96d2fa2eea2a8a562,2023-01-12T05:01:00Z,"As the halfway point to achieve the UN Sustainable Development Goals approaches and the deadline to meet key milestones of a 1.5C world looms, CEOs take action to avoid consequences to environment, sâ€¦ [+8119 chars]"
87,87,"{'id': None, 'name': 'Yahoo Entertainment'}",Business Wire,"European Business Leaders Confident Despite Current Headwinds But Risk Underinvesting in Technology for Long-Term Growth, Accenture Report Finds - Yahoo Finance","European Business Leaders Confident Despite Current Headwinds But Risk Underinvesting in Technology for Long-Term Growth, Accenture Report FindsÂ Â Yahoo Finance",https://finance.yahoo.com/news/european-business-leaders-confident-despite-065900717.html,https://s.yimg.com/cv/apiv2/social/images/yahoo_default_logo-1200x1200.png,2023-01-16T06:59:00Z,"DAVOS, Switzerland, January 16, 2023--(BUSINESS WIRE)--While 65% of European business leaders agree they are facing the most challenging operating environment ever, an even larger proportion (77%) arâ€¦ [+8731 chars]"
88,88,"{'id': None, 'name': 'Business Wire'}",,Martin Kay Named CEO of Netcapital Inc. - Business Wire,"Netcapital Inc. (Nasdaq: NCPL, NCPLW) (the â€œCompanyâ€), a digital private capital markets ecosystem, today announced the appointment of Company directo",https://www.businesswire.com/news/home/20230104005344/en/Martin-Kay-Named-CEO-of-Netcapital-Inc.,https://mms.businesswire.com/media/20230104005344/en/1676278/23/Martin_Kay.jpg,2023-01-04T13:30:00Z,"BOSTON--(BUSINESS WIRE)--Netcapital Inc. (Nasdaq: NCPL, NCPLW) (the Company), a digital private capital markets ecosystem, today announced the appointment of Company director Martin Kay as Chief Execâ€¦ [+4613 chars]"
89,89,"{'id': 'bloomberg', 'name': 'Bloomberg'}",Adrian Wooldridge,McKinsey's Missteps Point to a Bigger Management Consulting Mess - Bloomberg,"Once management consulting firms lose their integrity to ethical lapses and greed, they have nothing left to sell.",https://www.bloomberg.com/opinion/articles/2023-01-24/mckinsey-s-missteps-point-to-a-bigger-management-consulting-mess,https://assets.bwbx.io/images/users/iqjWHBFdfxIU/iW_Tpg8A27b0/v1/1200x781.jpg,2023-01-24T05:00:00Z,"Management consulting is one of the worldâ€™s most successful industries. In 2021, estimates for the size of the global market ranged betweenÂ almost $700 billionÂ (Â£425 billion) andÂ over $900 billionÂ (Â£â€¦ [+992 chars]"
90,90,"{'id': 'time', 'name': 'Time'}",S. Mitra Kalita,Why Managing Talent Is Now (Finally) a Core Business Function - TIME,"New research highlights the most urgent challenges in building a successful talent strategy,",https://time.com/charter/6247615/why-managing-talent-is-now-finally-a-core-business-function/,https://api.time.com/wp-content/uploads/2023/01/DALLÂ·E-2023-01-16-16.45.21.jpg?quality=85&w=1024&h=628&crop=1,2023-01-17T12:30:00Z,"Everything was a tech company a few years ago. Then everything became a media company. And now, finally, we unite under a business function that seems poised to remain essential and more difficult thâ€¦ [+5564 chars]"
91,91,"{'id': None, 'name': 'Eisneramper.com'}",,Navigating Your Business with Digital Transformation - EisnerAmper,"The author discusses how digital transformation, a continuous improvement and innovation process that enables companies to stay competitive in an ever-changing digital landscape, can fundamentally improve how a business operates and delivers value to customerâ€¦",https://www.eisneramper.com/business-digital-transformation-0123/,https://www.eisneramper.com/globalassets/services/center-for-transformation/center-transformation-og.jpg,2023-01-19T16:44:59Z,"Digital transformation is the integration of digital technologies into all areas of a business, fundamentally changing how it operates and delivers value to customers. It is a continuous improvement â€¦ [+7097 chars]"
92,92,"{'id': None, 'name': 'TwinCities.com-Pioneer Press'}",Pioneer Press,Business People: C.H. Robinson announces leadership change - St. Paul Pioneer Press,"OF NOTE â€“ SERVICES C.H. Robinson Worldwide, an Eden Prairie-based global provider of third-party shipping logistics for business, announced that Bob Biesterfeld has stepped down as president â€¦",https://www.twincities.com/2023/01/08/business-people-c-h-robinson-announces-leadership-change/,https://www.twincities.com/wp-content/uploads/2017/06/cropped-faviconwhite-copy.jpg?w=512&h=512,2023-01-08T18:01:18Z,"OF NOTE â€“ SERVICES
Scott Anderson
C.H. Robinson Worldwide, an Eden Prairie-based global provider of third-party shipping logistics for business, announced that Bob Biesterfeld has stepped down as pâ€¦ [+4316 chars]"
93,93,"{'id': None, 'name': 'Forbes'}","Gene Marks, Contributor, 
 Gene Marks, Contributor
 https://www.forbes.com/sites/quickerbettertech/",On CRM: The Inconvenient Truth About Salesforce,Salesforce's offerings require its customers to spend too much money on software and not enough on service.  And now the company is paying the price for this strategy.,https://www.forbes.com/sites/quickerbettertech/2023/01/19/on-crm-the-inconvenient-truth-about-salesforce/,https://imageio.forbes.com/specials-images/imageserve/63c8ed3ac553500e02766ebe/0x0.jpg?format=jpg&width=1200,2023-01-19T16:00:22Z,"NEW YORK, NEW YORK - OCTOBER 16: Salesforce Founder &amp; Co-CEO Marc Benioff visits ""Mornings With ... [+] Maria"" with host Maria Bartiromo at Fox Business Network Studios on October 16, 2019 in Newâ€¦ [+5460 chars]"
94,94,"{'id': None, 'name': 'Forbes'}","Sesil Pir, Contributor, 
 Sesil Pir, Contributor
 https://www.forbes.com/sites/sesilpir/",The Search For Wholeness: What Can We Learn From World Economic Forum Discussions?,"Last week in Davos, Switzerland, the annual meeting for The World Economic Forum (WEF) was held on the theme, â€˜Cooperation in a Fragmented World.â€™",https://www.forbes.com/sites/sesilpir/2023/01/24/the-search-for-wholeness-what-can-we-learn-from-world-economic-forum-discussions/,https://imageio.forbes.com/specials-images/imageserve/63ceae168143ce92fa766ebe/0x0.jpg?format=jpg&width=1200,2023-01-24T12:59:19Z,"Group of many colorful internationl world flags waving in the sky at sunset, with shining sun and ... [+] lens flare, low angle view.
getty
Last week in Davos, Switzerland, the annual meeting for Tâ€¦ [+7830 chars]"
95,95,"{'id': None, 'name': 'Seeking Alpha'}",Marcos Rodriguez,Accenture: Widening Moat Makes It A Promising Buy,Accenture's revenue and margin growth are secured by its wide moat. Click here to read why we think ACN stock is an excellent long-term hold.,https://seekingalpha.com/article/4569831-accenture-is-a-promising-buy,https://static.seekingalpha.com/cdn/s3/uploads/getty_images/500930572/image_500930572.jpg?io=getty-c-w1280,2023-01-13T20:03:34Z,"VasukiRao
Editor's note: Seeking Alpha is proud to welcome Marcos Rodriguez as a new contributor. It's easy to become a Seeking Alpha contributor and earn money for your best investment ideas. Activâ€¦ [+9280 chars]"
96,96,"{'id': None, 'name': 'Seeking Alpha'}",ClearBridge Investments,ClearBridge Sustainability Leaders Strategy Q4 2022 Portfolio Manager Commentary,The ClearBridge Sustainability Leaders Strategy underperformed its Russell 3000 Index benchmark during the fourth quarter. Click here to read the full fund letter.,https://seekingalpha.com/article/4571113-clearbridge-sustainability-leaders-strategy-q4-2022-portfolio-manager-commentary,https://static.seekingalpha.com/cdn/s3/uploads/getty_images/1337917194/image_1337917194.jpg?io=getty-c-w1536,2023-01-20T07:20:00Z,"NicoElNino
By Derek Deutsch | Mary Jane McQuillen
Seeding Sustainability Enablers in Tech
Market Overview
 Markets returned to positive territory in the fourth quarter as corporate earnings proveâ€¦ [+22867 chars]"
97,97,"{'id': None, 'name': 'Seeking Alpha'}",Pearl Gray Equity and Research,BLOK: Only For The Brave,BLOK ETF is more proficiently managed than most believe and could rebound if the market pivots toward high-beta assets. Find out why I rate the ETF a Buy.,https://seekingalpha.com/article/4569648-blok-etf-only-for-brave,https://static.seekingalpha.com/cdn/s3/uploads/getty_images/1347310502/image_1347310502.jpg?io=getty-c-w1280,2023-01-13T00:38:56Z,"blackdovfx
This analysis covers the Amplify Transformational Data Sharing ETF (NYSEARCA:BLOK), otherwise known as ""BLOK"". I thought it would be productive to discuss BLOK in light of its more than 1â€¦ [+4688 chars]"
98,98,"{'id': None, 'name': 'Seeking Alpha'}",Mike Zaccardi,"DXC Technology: Compelling Valuation, But Shares Trending Lower Amid Takeover Rumors",DXC Technology has been at the center of some takeover chatter from a financial suiter. Click here to read my analysis of DXC stock.,https://seekingalpha.com/article/4567840-dxc-technology-compelling-valuation-but-shares-trending-lower-amid-takeover-rumors,https://static.seekingalpha.com/cdn/s3/uploads/getty_images/1415194604/image_1415194604.jpg?io=getty-c-w750,2023-01-04T18:49:00Z,"Laurence Dutton/E+ via Getty Images
Equal-weight strategies are catching some fanfare right now. With mega-cap techâ€™s selloff, as seen in the Nasdaq 100â€™s more than 30% 2022 drop, there is growing iâ€¦ [+3952 chars]"
